{"time":1698342380461,"in.index":"tensor","in.tensor":[4.0,3.5,3450.0,7832.0,2.0,0.0,0.0,3.0,10.0,3450.0,0.0,47.5637,-122.123,3220.0,8567.0,7.0,0.0,0.0],"out._model_split":["{\"name\":\"logcontrol\",\"version\":\"096065f1-2d21-4c8b-b499-0c813bc09c04\",\"sha\":\"e22a0831aafd9917f3cc87a15ed267797f80e2afa12ad7d8810ca58f173b8cc6\"}"],"out.variable":[921695.375],"check_failures":0}
{"time":1698342380882,"in.index":"tensor","in.tensor":[4.0,2.25,2370.0,11310.0,1.0,0.0,0.0,3.0,8.0,1550.0,820.0,47.7684,-122.289,1890.0,8621.0,47.0,0.0,0.0],"out._model_split":["{\"name\":\"logcontrolchallenger01\",\"version\":\"470363b5-6353-47ae-8c66-1631b783f562\",\"sha\":\"31e92d6ccb27b041a324a7ac22cf95d9d6cc3aa7e8263a229f7c4aec4938657c\"}"],"out.variable":[455095.15625],"check_failures":0}
{"time":1698342381271,"in.index":"tensor","in.tensor":[3.0,1.0,1060.0,10228.0,1.0,0.0,0.0,3.0,7.0,1060.0,0.0,47.7481,-122.3,1570.0,10228.0,66.0,0.0,0.0],"out._model_split":["{\"name\":\"logcontrolchallenger01\",\"version\":\"470363b5-6353-47ae-8c66-1631b783f562\",\"sha\":\"31e92d6ccb27b041a324a7ac22cf95d9d6cc3aa7e8263a229f7c4aec4938657c\"}"],"out.variable":[286100.3125],"check_failures":0}
{"time":1698342381669,"in.index":"tensor","in.tensor":[4.0,2.5,2610.0,5866.0,2.0,0.0,0.0,3.0,8.0,2610.0,0.0,47.3441,-122.04,2480.0,5188.0,9.0,0.0,0.0],"out._model_split":["{\"name\":\"logcontrolchallenger02\",\"version\":\"87a39cd8-1ff5-41a7-b66b-373d49fd2452\",\"sha\":\"ed6065a79d841f7e96307bb20d5ef22840f15da0b587efb51425c7ad60589d6a\"}"],"out.variable":[360863.15625],"check_failures":0}
{"time":1698342382083,"in.index":"tensor","in.tensor":[3.0,1.0,1100.0,5132.0,1.0,0.0,0.0,3.0,6.0,840.0,260.0,47.7011,-122.336,1280.0,5132.0,66.0,0.0,0.0],"out._model_split":["{\"name\":\"logcontrolchallenger02\",\"version\":\"87a39cd8-1ff5-41a7-b66b-373d49fd2452\",\"sha\":\"ed6065a79d841f7e96307bb20d5ef22840f15da0b587efb51425c7ad60589d6a\"}"],"out.variable":[356897.4375],"check_failures":0}
{"time":1698342382483,"in.index":"tensor","in.tensor":[4.0,2.5,2930.0,7806.0,2.0,0.0,0.0,3.0,9.0,2930.0,0.0,47.6219,-122.024,2600.0,6051.0,9.0,0.0,0.0],"out._model_split":["{\"name\":\"logcontrolchallenger02\",\"version\":\"87a39cd8-1ff5-41a7-b66b-373d49fd2452\",\"sha\":\"ed6065a79d841f7e96307bb20d5ef22840f15da0b587efb51425c7ad60589d6a\"}"],"out.variable":[732620.3125],"check_failures":0}
{"time":1698342382879,"in.index":"tensor","in.tensor":[5.0,2.5,3260.0,24300.0,1.5,0.0,1.0,4.0,8.0,2310.0,950.0,47.7587,-122.274,2390.0,32057.0,64.0,0.0,0.0],"out._model_split":["{\"name\":\"logcontrolchallenger01\",\"version\":\"470363b5-6353-47ae-8c66-1631b783f562\",\"sha\":\"31e92d6ccb27b041a324a7ac22cf95d9d6cc3aa7e8263a229f7c4aec4938657c\"}"],"out.variable":[729163.0625],"check_failures":0}
{"time":1698342383276,"in.index":"tensor","in.tensor":[3.0,3.25,3080.0,12100.0,2.0,0.0,0.0,3.0,8.0,2080.0,1000.0,47.695,-122.399,2100.0,6581.0,30.0,0.0,0.0],"out._model_split":["{\"name\":\"logcontrolchallenger02\",\"version\":\"87a39cd8-1ff5-41a7-b66b-373d49fd2452\",\"sha\":\"ed6065a79d841f7e96307bb20d5ef22840f15da0b587efb51425c7ad60589d6a\"}"],"out.variable":[725518.375],"check_failures":0}
{"time":1698342383658,"in.index":"tensor","in.tensor":[1.0,1.0,1230.0,3774.0,1.0,0.0,0.0,4.0,6.0,830.0,400.0,47.6886,-122.354,1300.0,3774.0,90.0,0.0,0.0],"out._model_split":["{\"name\":\"logcontrol\",\"version\":\"096065f1-2d21-4c8b-b499-0c813bc09c04\",\"sha\":\"e22a0831aafd9917f3cc87a15ed267797f80e2afa12ad7d8810ca58f173b8cc6\"}"],"out.variable":[448627.8125],"check_failures":0}
{"time":1698342384053,"in.index":"tensor","in.tensor":[3.0,2.25,2220.0,10530.0,1.0,0.0,0.0,4.0,8.0,1700.0,520.0,47.6383,-122.098,2500.0,10014.0,41.0,0.0,0.0],"out._model_split":["{\"name\":\"logcontrolchallenger01\",\"version\":\"470363b5-6353-47ae-8c66-1631b783f562\",\"sha\":\"31e92d6ccb27b041a324a7ac22cf95d9d6cc3aa7e8263a229f7c4aec4938657c\"}"],"out.variable":[628291.125],"check_failures":0}
{"time":1698342384445,"in.index":"tensor","in.tensor":[2.0,1.0,1060.0,7868.0,1.0,0.0,0.0,3.0,7.0,1060.0,0.0,47.7414,-122.295,1530.0,10728.0,63.0,0.0,0.0],"out._model_split":["{\"name\":\"logcontrol\",\"version\":\"096065f1-2d21-4c8b-b499-0c813bc09c04\",\"sha\":\"e22a0831aafd9917f3cc87a15ed267797f80e2afa12ad7d8810ca58f173b8cc6\"}"],"out.variable":[340764.53125],"check_failures":0}
{"time":1698342384819,"in.index":"tensor","in.tensor":[3.0,2.75,2600.0,12860.0,1.0,0.0,0.0,3.0,7.0,1350.0,1250.0,47.695,-121.918,2260.0,12954.0,49.0,0.0,0.0],"out._model_split":["{\"name\":\"logcontrolchallenger01\",\"version\":\"470363b5-6353-47ae-8c66-1631b783f562\",\"sha\":\"31e92d6ccb27b041a324a7ac22cf95d9d6cc3aa7e8263a229f7c4aec4938657c\"}"],"out.variable":[491306.6875],"check_failures":0}
{"time":1698342385201,"in.index":"tensor","in.tensor":[3.0,2.0,2160.0,15788.0,1.0,0.0,0.0,3.0,8.0,2160.0,0.0,47.6227,-122.207,2260.0,9787.0,63.0,0.0,0.0],"out._model_split":["{\"name\":\"logcontrol\",\"version\":\"096065f1-2d21-4c8b-b499-0c813bc09c04\",\"sha\":\"e22a0831aafd9917f3cc87a15ed267797f80e2afa12ad7d8810ca58f173b8cc6\"}"],"out.variable":[673288.625],"check_failures":0}
{"time":1698342385567,"in.index":"tensor","in.tensor":[5.0,3.5,3240.0,6919.0,2.0,0.0,0.0,3.0,8.0,2760.0,480.0,47.4779,-122.122,2970.0,5690.0,0.0,0.0,0.0],"out._model_split":["{\"name\":\"logcontrol\",\"version\":\"096065f1-2d21-4c8b-b499-0c813bc09c04\",\"sha\":\"e22a0831aafd9917f3cc87a15ed267797f80e2afa12ad7d8810ca58f173b8cc6\"}"],"out.variable":[464811.125],"check_failures":0}
{"time":1698342385937,"in.index":"tensor","in.tensor":[3.0,2.25,1640.0,8400.0,1.0,0.0,0.0,3.0,8.0,1180.0,460.0,47.3733,-122.289,1600.0,8120.0,46.0,0.0,0.0],"out._model_split":["{\"name\":\"logcontrolchallenger02\",\"version\":\"87a39cd8-1ff5-41a7-b66b-373d49fd2452\",\"sha\":\"ed6065a79d841f7e96307bb20d5ef22840f15da0b587efb51425c7ad60589d6a\"}"],"out.variable":[268304.40625],"check_failures":0}
{"time":1698342386314,"in.index":"tensor","in.tensor":[4.0,3.75,3770.0,4000.0,2.5,0.0,0.0,5.0,9.0,2890.0,880.0,47.6157,-122.287,2800.0,5000.0,98.0,0.0,0.0],"out._model_split":["{\"name\":\"logcontrol\",\"version\":\"096065f1-2d21-4c8b-b499-0c813bc09c04\",\"sha\":\"e22a0831aafd9917f3cc87a15ed267797f80e2afa12ad7d8810ca58f173b8cc6\"}"],"out.variable":[1182820.625],"check_failures":0}
{"time":1698342386710,"in.index":"tensor","in.tensor":[3.0,3.0,1390.0,1080.0,2.0,0.0,0.0,3.0,7.0,1140.0,250.0,47.5325,-122.282,1450.0,1461.0,9.0,0.0,0.0],"out._model_split":["{\"name\":\"logcontrolchallenger01\",\"version\":\"470363b5-6353-47ae-8c66-1631b783f562\",\"sha\":\"31e92d6ccb27b041a324a7ac22cf95d9d6cc3aa7e8263a229f7c4aec4938657c\"}"],"out.variable":[271387.46875],"check_failures":0}
{"time":1698342387097,"in.index":"tensor","in.tensor":[6.0,4.5,3500.0,8504.0,2.0,0.0,0.0,3.0,7.0,3500.0,0.0,47.7349,-122.295,1550.0,8460.0,35.0,0.0,0.0],"out._model_split":["{\"name\":\"logcontrol\",\"version\":\"096065f1-2d21-4c8b-b499-0c813bc09c04\",\"sha\":\"e22a0831aafd9917f3cc87a15ed267797f80e2afa12ad7d8810ca58f173b8cc6\"}"],"out.variable":[637377.0],"check_failures":0}
{"time":1698342387469,"in.index":"tensor","in.tensor":[2.0,1.0,1070.0,8130.0,1.0,0.0,0.0,3.0,7.0,1070.0,0.0,47.697,-122.37,1360.0,7653.0,73.0,0.0,0.0],"out._model_split":["{\"name\":\"logcontrol\",\"version\":\"096065f1-2d21-4c8b-b499-0c813bc09c04\",\"sha\":\"e22a0831aafd9917f3cc87a15ed267797f80e2afa12ad7d8810ca58f173b8cc6\"}"],"out.variable":[403520.15625],"check_failures":0}
