{"time":1683910149591,"in.tensor":[2.0,1.5,1780.0,4750.0,1.0,0.0,0.0,4.0,7.0,1080.0,700.0,47.6859016418,-122.3949966431,1690.0,5962.0,67.0,0.0,0.0],"out.variable":[558463.3125],"check_failures":0}
{"time":1683910149591,"in.tensor":[3.0,2.75,3010.0,1842.0,2.0,0.0,0.0,3.0,9.0,3010.0,0.0,47.5835990906,-121.9940032959,2950.0,4200.0,3.0,0.0,0.0],"out.variable":[795841.0625],"check_failures":0}
{"time":1683910149591,"in.tensor":[4.0,3.5,4460.0,16271.0,2.0,0.0,2.0,3.0,11.0,4460.0,0.0,47.5862007141,-121.9700012207,4540.0,17122.0,13.0,0.0,0.0],"out.variable":[1208638.0],"check_failures":0}
{"time":1683910149591,"in.tensor":[5.0,1.75,2330.0,6450.0,1.0,0.0,1.0,3.0,8.0,1330.0,1000.0,47.4958992004,-122.3669967651,2330.0,8258.0,57.0,0.0,0.0],"out.variable":[448720.28125],"check_failures":0}
{"time":1683910149591,"in.tensor":[3.0,2.5,1750.0,7208.0,2.0,0.0,0.0,3.0,8.0,1750.0,0.0,47.4314994812,-122.1920013428,2050.0,7524.0,20.0,0.0,0.0],"out.variable":[311909.59375],"check_failures":0}
{"time":1683910149591,"in.tensor":[4.0,2.5,2420.0,9147.0,2.0,0.0,0.0,3.0,10.0,2420.0,0.0,47.322101593,-122.3219985962,1400.0,7200.0,16.0,0.0,0.0],"out.variable":[559139.375],"check_failures":0}
{"time":1683910149591,"in.tensor":[4.0,1.75,2230.0,9625.0,1.0,0.0,4.0,3.0,8.0,1180.0,1050.0,47.5079994202,-122.2440032959,2300.0,8211.0,59.0,0.0,0.0],"out.variable":[473591.875],"check_failures":0}
{"time":1683910149591,"in.tensor":[4.0,4.25,3500.0,8750.0,1.0,0.0,4.0,5.0,9.0,2140.0,1360.0,47.7221984863,-122.3669967651,3110.0,8750.0,63.0,0.0,0.0],"out.variable":[1140733.75],"check_failures":0}
{"time":1683910149591,"in.tensor":[3.0,1.0,1190.0,9199.0,1.0,0.0,0.0,3.0,7.0,1190.0,0.0,47.4258003235,-122.3219985962,1190.0,9364.0,59.0,0.0,0.0],"out.variable":[241330.1875],"check_failures":0}
{"time":1683910149591,"in.tensor":[4.0,2.5,2160.0,9682.0,2.0,0.0,0.0,3.0,8.0,2160.0,0.0,47.4105987549,-122.2040023804,1770.0,9600.0,15.0,0.0,0.0],"out.variable":[363491.6875],"check_failures":0}
{"time":1683910149591,"in.tensor":[4.0,2.0,1570.0,9415.0,2.0,0.0,0.0,4.0,7.0,1570.0,0.0,47.3167991638,-122.1740036011,1550.0,8978.0,30.0,0.0,0.0],"out.variable":[276709.0625],"check_failures":0}
{"time":1683910149591,"in.tensor":[4.0,1.5,1540.0,7168.0,1.0,0.0,0.0,3.0,7.0,1160.0,380.0,47.4550018311,-122.1979980469,1540.0,7176.0,51.0,0.0,0.0],"out.variable":[293808.09375],"check_failures":0}
{"time":1683910149591,"in.tensor":[3.0,1.0,910.0,6000.0,1.0,0.0,0.0,2.0,6.0,910.0,0.0,47.5065002441,-122.3379974365,1090.0,6957.0,58.0,0.0,0.0],"out.variable":[236238.65625],"check_failures":0}
{"time":1683910149591,"in.tensor":[3.0,1.5,1180.0,1231.0,3.0,0.0,0.0,3.0,7.0,1180.0,0.0,47.6845016479,-122.3150024414,1280.0,3360.0,7.0,0.0,0.0],"out.variable":[448627.71875],"check_failures":0}
{"time":1683910149591,"in.tensor":[3.0,2.0,1110.0,8724.0,1.0,0.0,0.0,4.0,7.0,1110.0,0.0,47.3055992126,-122.2060012817,1390.0,7750.0,24.0,0.0,0.0],"out.variable":[236238.65625],"check_failures":0}
{"time":1683910149591,"in.tensor":[5.0,3.5,2738.0,6031.0,2.0,0.0,0.0,3.0,8.0,2738.0,0.0,47.2961997986,-122.3499984741,2738.0,5201.0,0.0,0.0,0.0],"out.variable":[371040.1875],"check_failures":0}
{"time":1683910149591,"in.tensor":[3.0,2.5,2520.0,5000.0,3.0,0.0,0.0,3.0,9.0,2520.0,0.0,47.5663986206,-122.3590011597,1130.0,5000.0,24.0,0.0,0.0],"out.variable":[793214.3125],"check_failures":0}
{"time":1683910149591,"in.tensor":[5.0,3.75,4170.0,8142.0,2.0,0.0,2.0,3.0,10.0,4170.0,0.0,47.5354003906,-122.1809997559,3030.0,7980.0,9.0,0.0,0.0],"out.variable":[1098628.75],"check_failures":0}
{"time":1683910149591,"in.tensor":[4.0,2.5,2927.0,12171.0,2.0,0.0,0.0,3.0,10.0,2927.0,0.0,47.5947990417,-121.983001709,2967.0,12166.0,17.0,0.0,0.0],"out.variable":[829775.125],"check_failures":0}
{"time":1683910149591,"in.tensor":[4.0,1.0,1190.0,7620.0,1.5,0.0,0.0,3.0,6.0,1190.0,0.0,47.5280990601,-122.3479995728,1060.0,7320.0,88.0,0.0,0.0],"out.variable":[247792.734375],"check_failures":0}
{"time":1683910149591,"in.tensor":[4.0,2.5,3140.0,12792.0,2.0,0.0,0.0,4.0,9.0,3140.0,0.0,47.3862991333,-122.15599823,2510.0,12792.0,37.0,0.0,0.0],"out.variable":[513583.125],"check_failures":0}
{"time":1683910149591,"in.tensor":[4.0,2.5,2040.0,5508.0,2.0,0.0,0.0,4.0,8.0,2040.0,0.0,47.5718994141,-122.0070037842,2130.0,5496.0,18.0,0.0,0.0],"out.variable":[627853.5],"check_failures":0}
{"time":1683910149591,"in.tensor":[2.0,1.75,1370.0,5125.0,1.0,0.0,0.0,5.0,6.0,1370.0,0.0,47.6926002502,-122.3460006714,1200.0,5100.0,70.0,0.0,0.0],"out.variable":[444933.15625],"check_failures":0}
{"time":1683910149591,"in.tensor":[4.0,2.5,3130.0,13202.0,2.0,0.0,0.0,3.0,10.0,3130.0,0.0,47.5877990723,-121.9759979248,2840.0,10470.0,19.0,0.0,0.0],"out.variable":[879083.375],"check_failures":0}
{"time":1683910149591,"in.tensor":[4.0,3.25,3320.0,8587.0,3.0,0.0,0.0,3.0,11.0,2950.0,370.0,47.6910018921,-122.3369979858,1860.0,5668.0,6.0,0.0,0.0],"out.variable":[1130661.0],"check_failures":0}
{"time":1683910149591,"in.tensor":[4.0,2.5,2740.0,43101.0,2.0,0.0,0.0,3.0,9.0,2740.0,0.0,47.7649002075,-122.0490036011,2740.0,33447.0,21.0,0.0,0.0],"out.variable":[727898.125],"check_failures":0}
{"time":1683910149591,"in.tensor":[4.0,2.75,2720.0,54048.0,2.0,0.0,0.0,3.0,8.0,2720.0,0.0,47.7181015015,-122.0889968872,2580.0,37721.0,30.0,0.0,0.0],"out.variable":[546009.75],"check_failures":0}
{"time":1683910149591,"in.tensor":[4.0,1.0,1060.0,5750.0,1.0,0.0,0.0,3.0,6.0,950.0,110.0,47.6562004089,-122.388999939,1790.0,5857.0,110.0,0.0,0.0],"out.variable":[450867.5625],"check_failures":0}
{"time":1683910149591,"in.tensor":[4.0,3.5,3420.0,33106.0,2.0,0.0,0.0,3.0,9.0,3420.0,0.0,47.3554000854,-121.986000061,3420.0,36590.0,10.0,0.0,0.0],"out.variable":[539867.125],"check_failures":0}
{"time":1683910149591,"in.tensor":[3.0,2.5,1700.0,7496.0,2.0,0.0,0.0,3.0,8.0,1700.0,0.0,47.4319992065,-122.1890029907,2280.0,7496.0,20.0,0.0,0.0],"out.variable":[310992.96875],"check_failures":0}
{"time":1683910149591,"in.tensor":[4.0,1.75,2710.0,11400.0,1.0,0.0,0.0,4.0,9.0,1430.0,1280.0,47.561000824,-122.1529998779,2640.0,11000.0,38.0,0.0,0.0],"out.variable":[772048.0],"check_failures":0}
{"time":1683910149591,"in.tensor":[3.0,3.5,2760.0,4500.0,2.0,0.0,0.0,3.0,9.0,2120.0,640.0,47.6529006958,-122.3720016479,1950.0,6000.0,10.0,0.0,0.0],"out.variable":[798188.9375],"check_failures":0}
{"time":1683910149591,"in.tensor":[2.0,1.0,1120.0,9912.0,1.0,0.0,0.0,4.0,6.0,1120.0,0.0,47.373500824,-122.4300003052,1540.0,9750.0,34.0,0.0,0.0],"out.variable":[309800.75],"check_failures":0}
{"time":1683910149591,"in.tensor":[4.0,2.5,2800.0,246114.0,2.0,0.0,0.0,3.0,9.0,2800.0,0.0,47.6585998535,-121.9619979858,2750.0,60351.0,15.0,0.0,0.0],"out.variable":[765468.75],"check_failures":0}
{"time":1683910149591,"in.tensor":[3.0,0.75,920.0,20412.0,1.0,1.0,2.0,5.0,6.0,920.0,0.0,47.478099823,-122.4899978638,1162.0,54705.0,64.0,0.0,0.0],"out.variable":[338418.8125],"check_failures":0}
{"time":1683910149591,"in.tensor":[3.0,2.5,2390.0,15669.0,2.0,0.0,0.0,3.0,9.0,2390.0,0.0,47.7445983887,-122.1930007935,2640.0,12500.0,24.0,0.0,0.0],"out.variable":[741973.625],"check_failures":0}
{"time":1683910149591,"in.tensor":[3.0,2.5,1570.0,1433.0,3.0,0.0,0.0,3.0,8.0,1570.0,0.0,47.685798645,-122.3359985352,1570.0,2652.0,4.0,0.0,0.0],"out.variable":[557391.25],"check_failures":0}
{"time":1683910149591,"in.tensor":[2.0,1.0,850.0,5000.0,1.0,0.0,0.0,3.0,6.0,850.0,0.0,47.3816986084,-122.3140029907,1160.0,5000.0,39.0,0.0,0.0],"out.variable":[236238.65625],"check_failures":0}
{"time":1683910149591,"in.tensor":[4.0,2.75,2930.0,22000.0,1.0,0.0,3.0,4.0,9.0,1580.0,1350.0,47.3227005005,-122.3840026855,2930.0,9758.0,36.0,0.0,0.0],"out.variable":[518869.0],"check_failures":0}
{"time":1683910149591,"in.tensor":[2.0,1.0,720.0,5000.0,1.0,0.0,0.0,5.0,6.0,720.0,0.0,47.5195007324,-122.3740005493,810.0,5000.0,63.0,0.0,0.0],"out.variable":[244566.375],"check_failures":0}
{"time":1683910149591,"in.tensor":[4.0,2.5,4090.0,11225.0,2.0,0.0,0.0,3.0,10.0,4090.0,0.0,47.5810012817,-121.9710006714,3510.0,8762.0,9.0,0.0,0.0],"out.variable":[1048372.375],