{"time":1722354027921,"in.tensor":[3.0,2.0,2005.0,7000.0,1.0,0.0,0.0,3.0,7.0,1605.0,400.0,47.6039009094,-122.297996521,1750.0,4500.0,34.0,0.0,0.0],"out.variable":[581003.0],"anomaly.count":0}
{"time":1722354027921,"in.tensor":[3.0,1.75,2910.0,37461.0,1.0,0.0,0.0,4.0,7.0,1530.0,1380.0,47.701499939,-122.1640014648,2520.0,18295.0,47.0,0.0,0.0],"out.variable":[706823.5625],"anomaly.count":0}
{"time":1722354027921,"in.tensor":[4.0,3.25,2910.0,1880.0,2.0,0.0,3.0,5.0,9.0,1830.0,1080.0,47.6160011292,-122.2819976807,3100.0,8200.0,100.0,0.0,0.0],"out.variable":[1060847.5],"anomaly.count":0}
{"time":1722354027921,"in.tensor":[4.0,1.75,2700.0,7875.0,1.5,0.0,0.0,4.0,8.0,2700.0,0.0,47.4539985657,-122.1439971924,2220.0,7875.0,46.0,0.0,0.0],"out.variable":[441960.375],"anomaly.count":0}
{"time":1722354027921,"in.tensor":[3.0,2.5,2900.0,23550.0,1.0,0.0,0.0,3.0,10.0,1490.0,1410.0,47.5708007812,-122.1529998779,2900.0,19604.0,27.0,0.0,0.0],"out.variable":[827411.0],"anomaly.count":0}
{"time":1722354027921,"in.tensor":[3.0,1.75,1300.0,10030.0,1.0,0.0,0.0,4.0,7.0,1300.0,0.0,47.7359008789,-122.1920013428,1520.0,7713.0,48.0,0.0,0.0],"out.variable":[340764.53125],"anomaly.count":0}
{"time":1722354027921,"in.tensor":[3.0,2.5,2140.0,8925.0,2.0,0.0,0.0,3.0,8.0,2140.0,0.0,47.631401062,-122.0270004272,2310.0,8956.0,23.0,0.0,0.0],"out.variable":[669645.5],"anomaly.count":0}
{"time":1722354027921,"in.tensor":[4.0,2.5,1690.0,7260.0,1.0,0.0,0.0,3.0,7.0,1080.0,610.0,47.3000984192,-122.3679962158,1690.0,7700.0,36.0,0.0,0.0],"out.variable":[284336.5],"anomaly.count":0}
{"time":1722354027921,"in.tensor":[2.0,1.0,870.0,8487.0,1.0,0.0,0.0,4.0,6.0,870.0,0.0,47.4954986572,-122.2389984131,1350.0,6850.0,71.0,0.0,0.0],"out.variable":[236238.65625],"anomaly.count":0}
{"time":1722354027921,"in.tensor":[3.0,1.75,1600.0,9579.0,1.0,0.0,0.0,3.0,8.0,1180.0,420.0,47.7662010193,-122.158996582,1750.0,9829.0,38.0,0.0,0.0],"out.variable":[437177.84375],"anomaly.count":0}
{"time":1722354027921,"in.tensor":[4.0,2.75,2500.0,4950.0,2.0,0.0,0.0,3.0,8.0,2500.0,0.0,47.6963996887,-122.016998291,2500.0,4950.0,4.0,0.0,0.0],"out.variable":[700271.5625],"anomaly.count":0}
{"time":1722354027921,"in.tensor":[3.0,2.5,2010.0,2287.0,2.0,0.0,0.0,3.0,8.0,1390.0,620.0,47.551700592,-121.9980010986,1690.0,1662.0,0.0,0.0,0.0],"out.variable":[578362.875],"anomaly.count":0}
{"time":1722354027921,"in.tensor":[5.0,3.0,2230.0,6551.0,1.0,0.0,0.0,3.0,7.0,1330.0,900.0,47.4869995117,-122.3199996948,2230.0,9476.0,1.0,0.0,0.0],"out.variable":[399760.34375],"anomaly.count":0}
{"time":1722354027921,"in.tensor":[2.0,1.0,1380.0,4390.0,1.0,0.0,0.0,4.0,8.0,880.0,500.0,47.6946983337,-122.3229980469,1390.0,5234.0,83.0,0.0,0.0],"out.variable":[441284.0625],"anomaly.count":0}
{"time":1722354027921,"in.tensor":[4.0,2.5,2230.0,5650.0,2.0,0.0,0.0,3.0,7.0,2230.0,0.0,47.5073013306,-122.1679992676,1590.0,7241.0,3.0,0.0,0.0],"out.variable":[401263.90625],"anomaly.count":0}
{"time":1722354027921,"in.tensor":[2.0,1.0,1430.0,3000.0,1.5,0.0,0.0,3.0,7.0,1300.0,130.0,47.6414985657,-122.3030014038,1750.0,4000.0,85.0,0.0,0.0],"out.variable":[455435.59375],"anomaly.count":0}
{"time":1722354027921,"in.tensor":[3.0,1.75,1890.0,93218.0,1.0,0.0,0.0,4.0,7.0,1890.0,0.0,47.2568016052,-122.0699996948,1690.0,172062.0,50.0,0.0,0.0],"out.variable":[291799.875],"anomaly.count":0}
{"time":1722354027921,"in.tensor":[4.0,2.5,1980.0,5909.0,2.0,0.0,0.0,3.0,8.0,1980.0,0.0,47.3913002014,-122.1849975586,2550.0,5487.0,11.0,0.0,0.0],"out.variable":[324875.0625],"anomaly.count":0}
{"time":1722354027921,"in.tensor":[2.0,1.0,1170.0,7142.0,1.0,0.0,0.0,3.0,7.0,1170.0,0.0,47.7496986389,-122.31300354,1170.0,7615.0,63.0,0.0,0.0],"out.variable":[340764.53125],"anomaly.count":0}
{"time":1722354027921,"in.tensor":[3.0,2.75,2890.0,12130.0,2.0,0.0,3.0,4.0,10.0,2830.0,60.0,47.6505012512,-122.2030029297,2415.0,11538.0,27.0,0.0,0.0],"out.variable":[987149.5625],"anomaly.count":0}
{"time":1722354027921,"in.tensor":[4.0,2.75,2010.0,7000.0,2.0,0.0,0.0,5.0,8.0,2010.0,0.0,47.6607017517,-122.3960037231,1420.0,4400.0,113.0,0.0,0.0],"out.variable":[583765.9375],"anomaly.count":0}
{"time":1722354027921,"in.tensor":[4.0,2.5,2040.0,9225.0,1.0,0.0,0.0,5.0,8.0,1610.0,430.0,47.6360015869,-122.0970001221,1730.0,9225.0,46.0,0.0,0.0],"out.variable":[627853.5],"anomaly.count":0}
{"time":1722354027921,"in.tensor":[4.0,2.25,2560.0,12100.0,1.0,0.0,0.0,4.0,8.0,1760.0,800.0,47.6310005188,-122.108001709,2240.0,12100.0,38.0,0.0,0.0],"out.variable":[701940.6875],"anomaly.count":0}
{"time":1722354027921,"in.tensor":[4.0,1.75,2800.0,49149.0,1.0,0.0,0.0,4.0,7.0,1400.0,1400.0,47.4649009705,-122.033996582,2560.0,61419.0,36.0,0.0,0.0],"out.variable":[439212.0625],"anomaly.count":0}
{"time":1722354027921,"in.tensor":[2.0,1.0,960.0,4920.0,1.0,0.0,0.0,3.0,6.0,960.0,0.0,47.6945991516,-122.3619995117,1010.0,5040.0,72.0,0.0,0.0],"out.variable":[441284.0625],"anomaly.count":0}
{"time":1722354027921,"in.tensor":[5.0,2.75,3230.0,13572.0,1.0,0.0,2.0,3.0,8.0,1880.0,1350.0,47.4393005371,-122.3470001221,2910.0,15292.0,50.0,0.0,0.0],"out.variable":[473287.34375],"anomaly.count":0}
{"time":1722354027921,"in.tensor":[5.0,2.0,3540.0,9970.0,2.0,0.0,3.0,3.0,9.0,3540.0,0.0,47.7108001709,-122.2770004272,2280.0,7195.0,44.0,0.0,0.0],"out.variable":[1085835.75],"anomaly.count":0}
{"time":1722354027921,"in.tensor":[3.0,1.75,1540.0,1044.0,3.0,0.0,0.0,3.0,8.0,1540.0,0.0,47.6764984131,-122.3199996948,1580.0,3090.0,0.0,0.0,0.0],"out.variable":[552992.0625],"anomaly.count":0}
{"time":1722354027921,"in.tensor":[2.0,1.75,1740.0,4736.0,1.5,0.0,2.0,4.0,7.0,1040.0,700.0,47.5993995667,-122.2870025635,2020.0,4215.0,107.0,0.0,0.0],"out.variable":[559631.125],"anomaly.count":0}
{"time":1722354027921,"in.tensor":[3.0,2.5,2370.0,5353.0,2.0,0.0,0.0,3.0,8.0,2370.0,0.0,47.7332992554,-121.9749984741,2130.0,6850.0,5.0,0.0,0.0],"out.variable":[536371.25],"anomaly.count":0}
{"time":1722354027921,"in.tensor":[3.0,2.5,1600.0,2231.0,2.0,0.0,0.0,3.0,7.0,1600.0,0.0,47.331401825,-122.2900009155,1600.0,2962.0,11.0,0.0,0.0],"out.variable":[277145.6875],"anomaly.count":0}
{"time":1722354027921,"in.tensor":[4.0,2.5,2460.0,6454.0,2.0,0.0,0.0,3.0,7.0,2460.0,0.0,47.5381011963,-121.8899993896,2320.0,4578.0,9.0,0.0,0.0],"out.variable":[701940.6875],"anomaly.count":0}
{"time":1722354027921,"in.tensor":[4.0,3.0,3750.0,11025.0,2.0,0.0,0.0,3.0,10.0,3750.0,0.0,47.6366996765,-122.0589981079,2930.0,12835.0,38.0,0.0,0.0],"out.variable":[950678.0],"anomaly.count":0}
{"time":1722354027921,"in.tensor":[4.0,1.0,1330.0,2400.0,1.5,0.0,0.0,4.0,6.0,1330.0,0.0,47.6500015259,-122.3399963379,1330.0,4400.0,114.0,0.0,0.0],"out.variable":[448627.71875],"anomaly.count":0}
{"time":1722354027921,"in.tensor":[6.0,4.0,5310.0,12741.0,2.0,0.0,2.0,3.0,10.0,3600.0,1710.0,47.5695991516,-122.2129974365,4190.0,12632.0,48.0,0.0,0.0],"out.variable":[2016006.0],"anomaly.count":0}
{"time":1722354027921,"in.tensor":[3.0,1.5,2220.0,8994.0,1.0,0.0,0.0,4.0,8.0,1110.0,1110.0,47.5472984314,-122.1719970703,2220.0,8994.0,52.0,0.0,0.0],"out.variable":[680620.75],"anomaly.count":0}
{"time":1722354027921,"in.tensor":[4.0,2.5,2160.0,7000.0,2.0,0.0,0.0,4.0,9.0,2160.0,0.0,47.5658988953,-122.0130004883,2300.0,7440.0,25.0,0.0,0.0],"out.variable":[723867.625],"anomaly.count":0}
{"time":1722354027921,"in.tensor":[3.0,1.0,1190.0,7500.0,1.0,0.0,0.0,5.0,7.0,1190.0,0.0,47.324798584,-122.141998291,1200.0,9750.0,46.0,0.0,0.0],"out.variable":[241330.1875],"anomaly.count":0}
{"time":1722354027921,"in.tensor":[3.0,1.0,1580.0,7424.0,1.0,0.0,0.0,3.0,7.0,1010.0,570.0,47.4607009888,-122.1709976196,1710.0,7772.0,52.0,0.0,0.0],"out.variable":[296495.0],"anomaly.count":0}
{"time":1722354027921,"in.tensor":[2.0,1.0,1640.0,5200.0,1.0,0.0,0.0,4.0,7.0,1040.0,600.0,47.6426010132,-122.4029998779,1780.0,5040.0,77.0,0.0,0.0],"out.variable":[559631.125],"anomaly.count":0}
{"time":1722354027921,"in.tensor":[3.0,2.25,2510.0,6339.0,1.5,0.0,2.0,5.0,8.0,1810.0,700.0,47.6496009827,-122.3909988403,1820.0,5741.0,82.0,0.0,0.0],"out.variable":[717051.75],