{"temp":[0.317391,0.365217,0.415,0.54,0.4725,0.3325,0.430435],"holiday":[0,0,0,0,0,0,0],"workingday":[1,1,1,1,0,0,1],"windspeed":[0.184309,0.203117,0.209579,0.231017,0.368167,0.207721,0.288783]}