{"temp":{"0":0.317391,"1":0.365217,"2":0.415,"3":0.54,"4":0.4725,"5":0.3325,"6":0.430435},"holiday":{"0":0,"1":0,"2":0,"3":0,"4":0,"5":0,"6":0},"workingday":{"0":1,"1":1,"2":1,"3":1,"4":0,"5":0,"6":1},"windspeed":{"0":0.184309,"1":0.203117,"2":0.209579,"3":0.231017,"4":0.368167,"5":0.207721,"6":0.288783}}